,0,1
0,-4.0141544,4.0148315e-08
1,-4.0141544,3.2276924e-07
2,-2.7067873,3.2276924e-07
3,-2.7067873,8.827931e-07
4,-2.5185332,8.827931e-07
5,-2.5185332,2.049674e-06
6,-2.4044933,2.049674e-06
7,-2.4044933,3.5009216e-06
8,-2.3154087,3.5009216e-06
9,-2.3154087,6.0054545e-06
10,-2.2458165,6.0054545e-06
11,-2.2458165,8.976572e-06
12,-2.1907723,8.976572e-06
13,-2.1907723,1.3214206e-05
14,-2.1426523,1.3214206e-05
15,-2.1426523,1.808711e-05
16,-2.09801,1.808711e-05
17,-2.09801,2.7588338e-05
18,-2.0586498,2.7588338e-05
19,-2.0586498,3.2507112e-05
20,-2.018624,3.2507112e-05
21,-2.018624,4.6585854e-05
22,-1.986248,4.6585854e-05
23,-1.986248,5.792251e-05
24,-1.954799,5.792251e-05
25,-1.954799,6.5439424e-05
26,-1.9259734,6.5439424e-05
27,-1.9259734,8.422228e-05
28,-1.9016215,8.422228e-05
29,-1.9016215,0.000101338286
30,-1.8773822,0.000101338286
31,-1.8773822,0.0001251704
32,-1.8533087,0.0001251704
33,-1.8533087,0.00015808639
34,-1.83088,0.00015808639
35,-1.83088,0.00019455921
36,-1.8086078,0.00019455921
37,-1.8086078,0.0002119998
38,-1.78631,0.0002119998
39,-1.78631,0.00023630515
40,-1.7668698,0.00023630515
41,-1.7668698,0.00024181866
42,-1.7488487,0.00024181866
43,-1.7488487,0.0002992646
44,-1.7335385,0.0002992646
45,-1.7335385,0.00033998623
46,-1.7168784,0.00033998623
47,-1.7168784,0.00040689445
48,-1.7002919,0.00040689445
49,-1.7002919,0.0004985691
50,-1.6829615,0.0004985691
51,-1.6829615,0.00048741608
52,-1.6660216,0.00048741608
53,-1.6660216,0.0005409254
54,-1.6514633,0.0005409254
55,-1.6514633,0.00067285285
56,-1.6371953,0.00067285285
57,-1.6371953,0.0007375659
58,-1.62256,0.0007375659
59,-1.62256,0.00080283603
60,-1.6074094,0.00080283603
61,-1.6074094,0.00075383903
62,-1.5937648,0.00075383903
63,-1.5937648,0.0008653613
64,-1.5813888,0.0008653613
65,-1.5813888,0.0010207779
66,-1.5688978,0.0010207779
67,-1.5688978,0.0009273802
68,-1.5556569,0.0009273802
69,-1.5556569,0.0009847471
70,-1.5445251,0.0009847471
71,-1.5445251,0.001085843
72,-1.5341159,0.001085843
73,-1.5341159,0.0013108887
74,-1.5234426,0.0013108887
75,-1.5234426,0.0013423049
76,-1.5120134,0.0013423049
77,-1.5120134,0.0015354007
78,-1.5009156,0.0015354007
79,-1.5009156,0.0015650374
80,-1.4895043,0.0015650374
81,-1.4895043,0.0015640657
82,-1.4787853,0.0015640657
83,-1.4787853,0.001756121
84,-1.4689996,0.001756121
85,-1.4689996,0.0017701865
86,-1.4589462,0.0017701865
87,-1.4589462,0.001979893
88,-1.4491234,0.001979893
89,-1.4491234,0.0018884717
90,-1.4393001,0.0018884717
91,-1.4393001,0.002111049
92,-1.4302292,0.002111049
93,-1.4302292,0.0020656835
94,-1.4209242,0.0020656835
95,-1.4209242,0.0024855293
96,-1.4121305,0.0024855293
97,-1.4121305,0.0023343987
98,-1.4023944,0.0023343987
99,-1.4023944,0.002325356
100,-1.393686,0.002325356
101,-1.393686,0.0024650306
102,-1.3854499,0.0024650306
103,-1.3854499,0.0026646473
104,-1.3771691,0.0026646473
105,-1.3771691,0.0026680585
106,-1.3691301,0.0026680585
107,-1.3691301,0.002888847
108,-1.361296,0.002888847
109,-1.361296,0.0031873977
110,-1.3533242,0.0031873977
111,-1.3533242,0.0029317047
112,-1.3449116,0.0029317047
113,-1.3449116,0.0034731776
114,-1.3372226,0.0034731776
115,-1.3372226,0.0033979572
116,-1.3285768,0.0033979572
117,-1.3285768,0.0033598845
118,-1.3207291,0.0033598845
119,-1.3207291,0.0034598396
120,-1.3132315,0.0034598396
121,-1.3132315,0.003834119
122,-1.3058792,0.003834119
123,-1.3058792,0.004010785
124,-1.2980106,0.004010785
125,-1.2980106,0.0034279684
126,-1.2903211,0.0034279684
127,-1.2903211,0.004056985
128,-1.2836419,0.004056985
129,-1.2836419,0.003816366
130,-1.2763594,0.003816366
131,-1.2763594,0.0036959671
132,-1.2699348,0.0036959671
133,-1.2699348,0.004030538
134,-1.263628,0.004030538
135,-1.263628,0.0042159627
136,-1.2567377,0.0042159627
137,-1.2567377,0.004364033
138,-1.2499374,0.004364033
139,-1.2499374,0.0044692364
140,-1.2432661,0.0044692364
141,-1.2432661,0.0042968444
142,-1.236603,0.0042968444
143,-1.236603,0.0047822096
144,-1.2303444,0.0047822096
145,-1.2303444,0.0047441525
146,-1.2236602,0.0047441525
147,-1.2236602,0.0051718126
148,-1.2173526,0.0051718126
149,-1.2173526,0.004433645
150,-1.2104076,0.004433645
151,-1.2104076,0.005146479
152,-1.2047473,0.005146479
153,-1.2047473,0.0054242113
154,-1.1982776,0.0054242113
155,-1.1982776,0.0052850526
156,-1.1916806,0.0052850526
157,-1.1916806,0.0054174443
158,-1.1854732,0.0054174443
159,-1.1854732,0.005076143
160,-1.179187,0.005076143
161,-1.179187,0.0049896175
162,-1.173528,0.0049896175
163,-1.173528,0.005828149
164,-1.167955,0.005828149
165,-1.167955,0.0058594644
166,-1.1618191,0.0058594644
167,-1.1618191,0.0059460727
168,-1.1554835,0.0059460727
169,-1.1554835,0.0058788
170,-1.1492859,0.0058788
171,-1.1492859,0.005561694
172,-1.1432998,0.005561694
173,-1.1432998,0.005514188
174,-1.1377819,0.005514188
175,-1.1377819,0.0061189574
176,-1.1324468,0.0061189574
177,-1.1324468,0.0061431173
178,-1.126678,0.0061431173
179,-1.126678,0.0058102435
180,-1.1207794,0.0058102435
181,-1.1207794,0.0062242826
182,-1.115554,0.0062242826
183,-1.115554,0.006600547
184,-1.1099625,0.006600547
185,-1.1099625,0.0062996857
186,-1.1041446,0.0062996857
187,-1.1041446,0.0060033537
188,-1.0985601,0.0060033537
189,-1.0985601,0.0059300098
190,-1.093446,0.0059300098
191,-1.093446,0.0060118097
192,-1.0884426,0.0060118097
193,-1.0884426,0.006757977
194,-1.0834007,0.006757977
195,-1.0834007,0.006258081
196,-1.0779023,0.006258081
197,-1.0779023,0.0064019677
198,-1.0728838,0.0064019677
199,-1.0728838,0.0058803195
200,-1.0675875,0.0058803195
201,-1.0675875,0.0065134065
202,-1.0628989,0.0065134065
203,-1.0628989,0.0061846506
204,-1.0579002,0.0061846506
205,-1.0579002,0.005995195
206,-1.0532058,0.005995195
207,-1.0532058,0.006099591
208,-1.0484263,0.006099591
209,-1.0484263,0.006258547
210,-1.0437858,0.006258547
211,-1.0437858,0.006821147
212,-1.0390178,0.006821147
213,-1.0390178,0.006316515
214,-1.0339565,0.006316515
215,-1.0339565,0.005952995
216,-1.0293369,0.005952995
217,-1.0293369,0.0064207115
218,-1.0249453,0.0064207115
219,-1.0249453,0.0058013927
220,-1.0204151,0.0058013927
221,-1.0204151,0.006603475
222,-1.016094,0.006603475
223,-1.016094,0.0060313777
224,-1.0113232,0.0060313777
225,-1.0113232,0.00593393
226,-1.0068884,0.00593393
227,-1.0068884,0.006465336
228,-1.0026065,0.006465336
229,-1.0026065,0.006308701
230,-0.99804056,0.006308701
231,-0.99804056,0.0063353074
232,-0.99360543,0.0063353074
233,-0.99360543,0.006990145
234,-0.9890543,0.006990145
235,-0.9890543,0.0058721267
236,-0.98444927,0.0058721267
237,-0.98444927,0.006369047
238,-0.9803871,0.006369047
239,-0.9803871,0.006087588
240,-0.9759418,0.006087588
241,-0.9759418,0.0066629983
242,-0.971763,0.0066629983
243,-0.971763,0.0064255046
244,-0.9672116,0.0064255046
245,-0.9672116,0.006319079
246,-0.9629079,0.006319079
247,-0.9629079,0.0065984167
248,-0.9586618,0.0065984167
249,-0.9586618,0.006461724
250,-0.95421493,0.006461724
251,-0.95421493,0.0055765253
252,-0.94986725,0.0055765253
253,-0.94986725,0.0060916906
254,-0.94611967,0.0060916906
255,-0.94611967,0.0057463786
256,-0.9420179,0.0057463786
257,-0.9420179,0.005698287
258,-0.9381978,0.005698287
259,-0.9381978,0.006078796
260,-0.9343166,0.006078796
261,-0.9343166,0.0061925766
262,-0.9301287,0.0061925766
263,-0.9301287,0.0058332426
264,-0.9259114,0.0058332426
265,-0.9259114,0.0065886043
266,-0.92202085,0.0065886043
267,-0.92202085,0.0054645883
268,-0.9176669,0.0054645883
269,-0.9176669,0.0055861087
270,-0.9139123,0.0055861087
271,-0.9139123,0.0056515867
272,-0.9100696,0.0056515867
273,-0.9100696,0.006144125
274,-0.90626425,0.006144125
275,-0.90626425,0.0062756375
276,-0.90217936,0.0062756375
277,-0.90217936,0.0055693234
278,-0.89820445,0.0055693234
279,-0.89820445,0.006075307
280,-0.8944094,0.006075307
281,-0.8944094,0.005809545
282,-0.89044833,0.005809545
283,-0.89044833,0.006038555
284,-0.8866118,0.006038555
285,-0.8866118,0.0056635705
286,-0.88260436,0.0056635705
287,-0.88260436,0.0056682713
288,-0.8787764,0.0056682713
289,-0.8787764,0.0051844516
290,-0.87488073,0.0051844516
291,-0.87488073,0.0054462594
292,-0.871241,0.0054462594
293,-0.871241,0.0057007708
294,-0.8676139,0.0057007708
295,-0.8676139,0.005263863
296,-0.863693,0.005263863
297,-0.863693,0.0054773637
298,-0.86013,0.0054773637
299,-0.86013,0.005127808
300,-0.8564377,0.005127808
301,-0.8564377,0.0056128786
302,-0.8529396,0.0056128786
303,-0.8529396,0.005364291
304,-0.84903455,0.005364291
305,-0.84903455,0.004991462
306,-0.8452703,0.004991462
307,-0.8452703,0.0052591464
308,-0.84184587,0.0052591464
309,-0.84184587,0.0051231347
310,-0.83817464,0.0051231347
311,-0.83817464,0.005099523
312,-0.8346101,0.005099523
313,-0.8346101,0.0051762653
314,-0.8310543,0.0051762653
315,-0.8310543,0.0049157874
316,-0.827435,0.0049157874
317,-0.827435,0.0046196464
318,-0.8239112,0.0046196464
319,-0.8239112,0.00451432
320,-0.8206608,0.00451432
321,-0.8206608,0.0049624024
322,-0.8174376,0.0049624024
323,-0.8174376,0.005329616
324,-0.81396973,0.005329616
325,-0.81396973,0.0047728396
326,-0.8101164,0.0047728396
327,-0.8101164,0.0050816233
328,-0.8066903,0.0050816233
329,-0.8066903,0.0048647365
330,-0.80301356,0.0048647365
331,-0.80301356,0.0046995115
332,-0.79958475,0.0046995115
333,-0.79958475,0.0048530456
334,-0.79622424,0.0048530456
335,-0.79622424,0.0051174145
336,-0.79270697,0.0051174145
337,-0.79270697,0.0048500285
338,-0.7889562,0.0048500285
339,-0.7889562,0.0043240865
340,-0.78522223,0.0043240865
341,-0.78522223,0.0044672545
342,-0.78211856,0.0044672545
343,-0.78211856,0.004333877
344,-0.7787405,0.004333877
345,-0.7787405,0.0043094656
346,-0.77544606,0.0043094656
347,-0.77544606,0.004332234
348,-0.77223873,0.004332234
349,-0.77223873,0.004470021
350,-0.7689793,0.004470021
351,-0.7689793,0.0042741857
352,-0.7656063,0.0042741857
353,-0.7656063,0.0038643563
354,-0.7622014,0.0038643563
355,-0.7622014,0.0042927098
356,-0.7590524,0.0042927098
357,-0.7590524,0.0045216423
358,-0.75576556,0.0045216423
359,-0.75576556,0.004407435
360,-0.7521752,0.004407435
361,-0.7521752,0.0038352346
362,-0.7486857,0.0038352346
363,-0.7486857,0.0038451902
364,-0.74562633,0.0038451902
365,-0.74562633,0.003934954
366,-0.7425039,0.003934954
367,-0.7425039,0.003744775
368,-0.73927236,0.003744775
369,-0.73927236,0.004062107
370,-0.7361742,0.004062107
371,-0.7361742,0.0040317024
372,-0.7326885,0.0040317024
373,-0.7326885,0.0033939818
374,-0.7293538,0.0033939818
375,-0.7293538,0.0038093496
376,-0.726395,0.0038093496
377,-0.726395,0.003925239
378,-0.72320265,0.003925239
379,-0.72320265,0.0031995885
380,-0.719856,0.0031995885
381,-0.719856,0.0036000665
382,-0.71702576,0.0036000665
383,-0.71702576,0.0035011533
384,-0.7139424,0.0035011533
385,-0.7139424,0.0033137396
386,-0.7107756,0.0033137396
387,-0.7107756,0.0036882763
388,-0.7077416,0.0036882763
389,-0.7077416,0.0032951026
390,-0.7045566,0.0032951026
391,-0.7045566,0.0034638122
392,-0.701498,0.0034638122
393,-0.701498,0.0034392837
394,-0.69856095,0.0034392837
395,-0.69856095,0.003034394
396,-0.69542325,0.003034394
397,-0.69542325,0.0033818786
398,-0.6925956,0.0033818786
399,-0.6925956,0.003343261
400,-0.6893293,0.003343261
401,-0.6893293,0.0029877922
402,-0.6862165,0.0029877922
403,-0.6862165,0.0032028344
404,-0.683311,0.0032028344
405,-0.683311,0.0029715814
406,-0.68028194,0.0029715814
407,-0.68028194,0.0028608295
408,-0.6774117,0.0028608295
409,-0.6774117,0.003052781
410,-0.674688,0.003052781
411,-0.674688,0.0028235372
412,-0.6716392,0.0028235372
413,-0.6716392,0.0028402207
414,-0.66868925,0.0028402207
415,-0.66868925,0.0028946942
416,-0.66572744,0.0028946942
417,-0.66572744,0.0027670187
418,-0.6627781,0.0027670187
419,-0.6627781,0.0029911438
420,-0.659966,0.0029911438
421,-0.659966,0.0027011852
422,-0.65684927,0.0027011852
423,-0.65684927,0.002902082
424,-0.6539047,0.002902082
425,-0.6539047,0.002735181
426,-0.6508466,0.002735181
427,-0.6508466,0.002573719
428,-0.6478785,0.002573719
429,-0.6478785,0.0023446
430,-0.6450505,0.0023446
431,-0.6450505,0.0027733848
432,-0.6425377,0.0027733848
433,-0.6425377,0.0026196043
434,-0.63937867,0.0026196043
435,-0.63937867,0.0022761635
436,-0.6364141,0.0022761635
437,-0.6364141,0.0025174175
438,-0.6336807,0.0025174175
439,-0.6336807,0.0024261288
440,-0.63080776,0.0024261288
441,-0.63080776,0.0024498394
442,-0.6278819,0.0024498394
443,-0.6278819,0.002402834
444,-0.62496006,0.002402834
445,-0.62496006,0.0020828496
446,-0.6221226,0.0020828496
447,-0.6221226,0.0024432824
448,-0.61968875,0.0024432824
449,-0.61968875,0.0023263022
450,-0.61680734,0.0023263022
451,-0.61680734,0.0022830807
452,-0.6139378,0.0022830807
453,-0.6139378,0.0022430427
454,-0.6112019,0.0022430427
455,-0.6112019,0.0020700027
456,-0.6082993,0.0020700027
457,-0.6082993,0.0022172388
458,-0.6056513,0.0022172388
459,-0.6056513,0.0022483976
460,-0.6027627,0.0022483976
461,-0.6027627,0.0020876168
462,-0.59991634,0.0020876168
463,-0.59991634,0.002070876
464,-0.59711933,0.002070876
465,-0.59711933,0.001905781
466,-0.5942224,0.001905781
467,-0.5942224,0.0018601606
468,-0.59159565,0.0018601606
469,-0.59159565,0.0020265933
470,-0.5890026,0.0020265933
471,-0.5890026,0.0020164147
472,-0.5861914,0.0020164147
473,-0.5861914,0.0019014389
474,-0.58334756,0.0019014389
475,-0.58334756,0.0017686116
476,-0.5805974,0.0017686116
477,-0.5805974,0.0018227546
478,-0.5781203,0.0018227546
479,-0.5781203,0.0018575715
480,-0.5753528,0.0018575715
481,-0.5753528,0.0016523402
482,-0.5726029,0.0016523402
483,-0.5726029,0.0016636362
484,-0.56994593,0.0016636362
485,-0.56994593,0.0018119769
486,-0.56746006,0.0018119769
487,-0.56746006,0.0016303675
488,-0.56473386,0.0016303675
489,-0.56473386,0.0017477787
490,-0.5622267,0.0017477787
491,-0.5622267,0.0015609878
492,-0.5596286,0.0015609878
493,-0.5596286,0.0015782849
494,-0.5569967,0.0015782849
495,-0.5569967,0.0014098722
496,-0.554446,0.0014098722
497,-0.554446,0.0015656666
498,-0.5520401,0.0015656666
499,-0.5520401,0.0017193762
500,-0.5494134,0.0017193762
501,-0.5494134,0.0016098717
502,-0.54654306,0.0016098717
503,-0.54654306,0.0014722374
504,-0.5438623,0.0014722374
505,-0.5438623,0.001476107
506,-0.54129636,0.001476107
507,-0.54129636,0.0013187077
508,-0.53871256,0.0013187077
509,-0.53871256,0.0014947687
510,-0.5363135,0.0014947687
511,-0.5363135,0.0013098303
512,-0.5336703,0.0013098303
513,-0.5336703,0.0013962035
514,-0.53124714,0.0013962035
515,-0.53124714,0.0013817833
516,-0.528697,0.0013817833
517,-0.528697,0.001285605
518,-0.5262495,0.001285605
519,-0.5262495,0.0013156135
520,-0.5237812,0.0013156135
521,-0.5237812,0.0013669636
522,-0.52127755,0.0013669636
523,-0.52127755,0.0012139648
524,-0.51858187,0.0012139648
525,-0.51858187,0.0013116838
526,-0.51608074,0.0013116838
527,-0.51608074,0.0012294778
528,-0.5134963,0.0012294778
529,-0.5134963,0.0012348203
530,-0.51096064,0.0012348203
531,-0.51096064,0.0011878982
532,-0.50841177,0.0011878982
533,-0.50841177,0.001218364
534,-0.5059933,0.001218364
535,-0.5059933,0.0011707196
536,-0.5033936,0.0011707196
537,-0.5033936,0.0012122202
538,-0.50081336,0.0012122202
539,-0.50081336,0.001039587
540,-0.4981965,0.001039587
541,-0.4981965,0.0010170217
542,-0.4958377,0.0010170217
543,-0.4958377,0.0010480523
544,-0.4935224,0.0010480523
545,-0.4935224,0.0010237627
546,-0.49116224,0.0010237627
547,-0.49116224,0.0011440554
548,-0.48878562,0.0011440554
549,-0.48878562,0.0010395007
550,-0.48619202,0.0010395007
551,-0.48619202,0.0010381591
552,-0.483753,0.0010381591
553,-0.483753,0.000930491
554,-0.4811892,0.000930491
555,-0.4811892,0.00092394114
556,-0.47879797,0.00092394114
557,-0.47879797,0.0009971334
558,-0.47650242,0.0009971334
559,-0.47650242,0.001081093
560,-0.47405577,0.001081093
561,-0.47405577,0.0009744056
562,-0.4712863,0.0009744056
563,-0.4712863,0.00097182865
564,-0.46881247,0.00097182865
565,-0.46881247,0.0009238621
566,-0.466352,0.0009238621
567,-0.466352,0.00087977864
568,-0.4639202,0.00087977864
569,-0.4639202,0.000930971
570,-0.46152568,0.000930971
571,-0.46152568,0.0008595602
572,-0.4590931,0.0008595602
573,-0.4590931,0.0008385992
574,-0.45689154,0.0008385992
575,-0.45689154,0.0008502646
576,-0.45451707,0.0008502646
577,-0.45451707,0.0009099306
578,-0.45207304,0.0009099306
579,-0.45207304,0.0008652043
580,-0.4493798,0.0008652043
581,-0.4493798,0.0008554772
582,-0.44685078,0.0008554772
583,-0.44685078,0.0007849162
584,-0.4444186,0.0007849162
585,-0.4444186,0.0007753088
586,-0.44206357,0.0007753088
587,-0.44206357,0.000721309
588,-0.4397431,0.000721309
589,-0.4397431,0.0007448576
590,-0.43740237,0.0007448576
591,-0.43740237,0.0007423676
592,-0.43493658,0.0007423676
593,-0.43493658,0.00072091166
594,-0.4324599,0.00072091166
595,-0.4324599,0.0007448592
596,-0.43004453,0.0007448592
597,-0.43004453,0.0006931657
598,-0.42757246,0.0006931657
599,-0.42757246,0.0007824836
600,-0.4252076,0.0007824836
601,-0.4252076,0.0007108049
602,-0.42269075,0.0007108049
603,-0.42269075,0.0006585999
604,-0.4202031,0.0006585999
605,-0.4202031,0.0006352647
606,-0.41781068,0.0006352647
607,-0.41781068,0.00065907283
608,-0.41548687,0.00065907283
609,-0.41548687,0.0005901826
610,-0.41310424,0.0005901826
611,-0.41310424,0.0006413791
612,-0.41095346,0.0006413791
613,-0.41095346,0.00059302856
614,-0.40853217,0.00059302856
615,-0.40853217,0.0005406034
616,-0.40625426,0.0005406034
617,-0.40625426,0.00056338834
618,-0.40402493,0.00056338834
619,-0.40402493,0.0005917056
620,-0.40170097,0.0005917056
621,-0.40170097,0.0005920046
622,-0.39946878,0.0005920046
623,-0.39946878,0.000554215
624,-0.39697835,0.000554215
625,-0.39697835,0.0005408386
626,-0.3946476,0.0005408386
627,-0.3946476,0.0005974502
628,-0.3922774,0.0005974502
629,-0.3922774,0.00053250865
630,-0.38985753,0.00053250865
631,-0.38985753,0.0005320649
632,-0.38742745,0.0005320649
633,-0.38742745,0.0005082583
634,-0.38512465,0.0005082583
635,-0.38512465,0.0005285972
636,-0.3827983,0.0005285972
637,-0.3827983,0.00045926374
638,-0.38042307,0.00045926374
639,-0.38042307,0.00046896448
640,-0.37830153,0.00046896448
641,-0.37830153,0.0004465142
642,-0.37609544,0.0004465142
643,-0.37609544,0.00046304968
644,-0.3739236,0.00046304968
645,-0.3739236,0.00045936098
646,-0.37163264,0.00045936098
647,-0.37163264,0.00042580464
648,-0.36936212,0.00042580464
649,-0.36936212,0.00048257233
650,-0.36724365,0.00048257233
651,-0.36724365,0.00042595604
652,-0.364805,0.00042595604
653,-0.364805,0.0004480225
654,-0.36255035,0.0004480225
655,-0.36255035,0.00041623303
656,-0.36015728,0.00041623303
657,-0.36015728,0.00041382998
658,-0.3578578,0.00041382998
659,-0.3578578,0.00040442662
660,-0.35552177,0.00040442662
661,-0.35552177,0.00034607833
662,-0.35335088,0.00034607833
663,-0.35335088,0.00044496974
664,-0.3512667,0.00044496974
665,-0.3512667,0.00038245562
666,-0.34891802,0.00038245562
667,-0.34891802,0.00040315912
668,-0.3467861,0.00040315912
669,-0.3467861,0.0003644193
670,-0.34456322,0.0003644193
671,-0.34456322,0.0003543008
672,-0.34238565,0.0003543008
673,-0.34238565,0.00036756616
674,-0.34012625,0.00036756616
675,-0.34012625,0.00035996872
676,-0.33797696,0.00035996872
677,-0.33797696,0.00033177435
678,-0.33568272,0.00033177435
679,-0.33568272,0.00034393903
680,-0.33354133,0.00034393903
681,-0.33354133,0.00037107937
682,-0.3313685,0.00037107937
683,-0.3313685,0.00034907984
684,-0.3290397,0.00034907984
685,-0.3290397,0.00033574083
686,-0.32682788,0.00033574083
687,-0.32682788,0.00030793957
688,-0.32447967,0.00030793957
689,-0.32447967,0.00031480094
690,-0.32235295,0.00031480094
691,-0.32235295,0.0003139143
692,-0.32012355,0.0003139143
693,-0.32012355,0.00032395485
694,-0.31787336,0.00032395485
695,-0.31787336,0.00028167138
696,-0.31572968,0.00028167138
697,-0.31572968,0.00026895927
698,-0.31351858,0.00026895927
699,-0.31351858,0.0002816258
700,-0.3114961,0.0002816258
701,-0.3114961,0.00029278913
702,-0.30930334,0.00029278913
703,-0.30930334,0.0002776424
704,-0.30709577,0.0002776424
705,-0.30709577,0.00027289204
706,-0.30490255,0.00027289204
707,-0.30490255,0.00028604362
708,-0.30263945,0.00028604362
709,-0.30263945,0.00024887745
710,-0.30021054,0.00024887745
711,-0.30021054,0.00026447297
712,-0.298136,0.00026447297
713,-0.298136,0.000269163
714,-0.29599413,0.000269163
715,-0.29599413,0.00024840469
716,-0.29368278,0.00024840469
717,-0.29368278,0.0002585302
718,-0.2915262,0.0002585302
719,-0.2915262,0.00023189934
720,-0.28936887,0.00023189934
721,-0.28936887,0.00024198949
722,-0.2873292,0.00024198949
723,-0.2873292,0.00021783826
724,-0.28508753,0.00021783826
725,-0.28508753,0.00022215153
726,-0.2830056,0.00022215153
727,-0.2830056,0.00023296295
728,-0.28097463,0.00023296295
729,-0.28097463,0.00023345357
730,-0.27873844,0.00023345357
731,-0.27873844,0.0002234242
732,-0.276479,0.0002234242
733,-0.276479,0.00022815775
734,-0.2744143,0.00022815775
735,-0.2744143,0.00021928329
736,-0.272215,0.00021928329
737,-0.272215,0.0002164269
738,-0.26992577,0.0002164269
739,-0.26992577,0.0001789645
740,-0.2677344,0.0001789645
741,-0.2677344,0.00021700497
742,-0.26575446,0.00021700497
743,-0.26575446,0.00019925891
744,-0.26350173,0.00019925891
745,-0.26350173,0.000200181
746,-0.2614196,0.000200181
747,-0.2614196,0.00020306598
748,-0.2591731,0.00020306598
749,-0.2591731,0.00017975736
750,-0.25688487,0.00017975736
751,-0.25688487,0.00018060852
752,-0.25486484,0.00018060852
753,-0.25486484,0.00019183822
754,-0.25276285,0.00019183822
755,-0.25276285,0.00017816214
756,-0.25048247,0.00017816214
757,-0.25048247,0.0001670421
758,-0.24829674,0.0001670421
759,-0.24829674,0.00016829917
760,-0.24612932,0.00016829917
761,-0.24612932,0.00016840892
762,-0.24387604,0.00016840892
763,-0.24387604,0.00015313932
764,-0.24167429,0.00015313932
765,-0.24167429,0.00015383279
766,-0.23966864,0.00015383279
767,-0.23966864,0.00016358703
768,-0.2375753,0.00016358703
769,-0.2375753,0.00016833296
770,-0.23547536,0.00016833296
771,-0.23547536,0.00015832597
772,-0.23323739,0.00015832597
773,-0.23323739,0.00013551213
774,-0.23097084,0.00013551213
775,-0.23097084,0.0001491152
776,-0.22898138,0.0001491152
777,-0.22898138,0.00014756879
778,-0.22677192,0.00014756879
779,-0.22677192,0.000138086
780,-0.22456928,0.000138086
781,-0.22456928,0.00014120614
782,-0.22245805,0.00014120614
783,-0.22245805,0.00014405715
784,-0.22034127,0.00014405715
785,-0.22034127,0.00013627806
786,-0.21818848,0.00013627806
787,-0.21818848,0.00013664881
788,-0.21610433,0.00013664881
789,-0.21610433,0.00013608359
790,-0.21384718,0.00013608359
791,-0.21384718,0.00013296532
792,-0.21165223,0.00013296532
793,-0.21165223,0.0001220628
794,-0.20954871,0.0001220628
795,-0.20954871,0.00012879283
796,-0.2074151,0.00012879283
797,-0.2074151,0.00011830337
798,-0.20517552,0.00011830337
799,-0.20517552,0.00011675823
800,-0.20302597,0.00011675823
801,-0.20302597,0.00011868408
802,-0.20092434,0.00011868408
803,-0.20092434,0.00012321987
804,-0.19874065,0.00012321987
805,-0.19874065,0.00010771984
806,-0.19637853,0.00010771984
807,-0.19637853,0.00011292387
808,-0.19438995,0.00011292387
809,-0.19438995,0.00011228096
810,-0.19210777,0.00011228096
811,-0.19210777,0.000103228405
812,-0.1900628,0.000103228405
813,-0.1900628,0.0001101293
814,-0.18785648,0.0001101293
815,-0.18785648,9.871489e-05
816,-0.1856128,9.871489e-05
817,-0.1856128,9.147977e-05
818,-0.18359892,9.147977e-05
819,-0.18359892,0.00010251537
820,-0.1814735,0.00010251537
821,-0.1814735,9.357684e-05
822,-0.17936593,9.357684e-05
823,-0.17936593,9.596337e-05
824,-0.17726867,9.596337e-05
825,-0.17726867,8.798488e-05
826,-0.17501837,8.798488e-05
827,-0.17501837,8.648461e-05
828,-0.17300773,8.648461e-05
829,-0.17300773,8.552253e-05
830,-0.17101565,8.552253e-05
831,-0.17101565,9.118093e-05
832,-0.16896158,9.118093e-05
833,-0.16896158,9.5320975e-05
834,-0.16680086,9.5320975e-05
835,-0.16680086,8.4763e-05
836,-0.16461104,8.4763e-05
837,-0.16461104,8.7676475e-05
838,-0.16255331,8.7676475e-05
839,-0.16255331,8.354419e-05
840,-0.16049588,8.354419e-05
841,-0.16049588,7.058274e-05
842,-0.1582999,7.058274e-05
843,-0.1582999,7.740318e-05
844,-0.15652175,7.740318e-05
845,-0.15652175,7.5702425e-05
846,-0.15442333,7.5702425e-05
847,-0.15442333,6.7215486e-05
848,-0.15235373,6.7215486e-05
849,-0.15235373,7.187109e-05
850,-0.15050416,7.187109e-05
851,-0.15050416,6.844181e-05
852,-0.14838636,6.844181e-05
853,-0.14838636,7.026389e-05
854,-0.14635876,7.026389e-05
855,-0.14635876,6.551558e-05
856,-0.14426717,6.551558e-05
857,-0.14426717,6.774809e-05
858,-0.14234428,6.774809e-05
859,-0.14234428,6.3649175e-05
860,-0.14028147,6.3649175e-05
861,-0.14028147,6.3395106e-05
862,-0.13837777,6.3395106e-05
863,-0.13837777,7.035435e-05
864,-0.13628465,7.035435e-05
865,-0.13628465,6.413927e-05
866,-0.13415027,6.413927e-05
867,-0.13415027,5.966467e-05
868,-0.13203475,5.966467e-05
869,-0.13203475,6.487951e-05
870,-0.12994754,6.487951e-05
871,-0.12994754,6.6214474e-05
872,-0.12783515,6.6214474e-05
873,-0.12783515,5.97113e-05
874,-0.12535068,5.97113e-05
875,-0.12535068,5.975447e-05
876,-0.12325552,5.975447e-05
877,-0.12325552,5.8605143e-05
878,-0.12103966,5.8605143e-05
879,-0.12103966,5.731369e-05
880,-0.11886714,5.731369e-05
881,-0.11886714,5.2429034e-05
882,-0.116632104,5.2429034e-05
883,-0.116632104,5.787817e-05
884,-0.11462441,5.787817e-05
885,-0.11462441,5.154583e-05
886,-0.112204656,5.154583e-05
887,-0.112204656,5.4818367e-05
888,-0.11028558,5.4818367e-05
889,-0.11028558,4.551375e-05
890,-0.10821724,4.551375e-05
891,-0.10821724,4.9794733e-05
892,-0.106362715,4.9794733e-05
893,-0.106362715,4.7839927e-05
894,-0.10431114,4.7839927e-05
895,-0.10431114,5.067765e-05
896,-0.10221322,5.067765e-05
897,-0.10221322,4.614972e-05
898,-0.10008152,4.614972e-05
899,-0.10008152,4.4324417e-05
900,-0.09797132,4.4324417e-05
901,-0.09797132,4.487779e-05
902,-0.09593609,4.487779e-05
903,-0.09593609,4.5070945e-05
904,-0.09383399,4.5070945e-05
905,-0.09383399,4.553092e-05
906,-0.091862604,4.553092e-05
907,-0.091862604,4.0858376e-05
908,-0.089731544,4.0858376e-05
909,-0.089731544,3.80001e-05
910,-0.087747626,3.80001e-05
911,-0.087747626,4.068436e-05
912,-0.085754104,4.068436e-05
913,-0.085754104,4.176391e-05
914,-0.083703205,4.176391e-05
915,-0.083703205,4.129607e-05
916,-0.081680626,4.129607e-05
917,-0.081680626,3.8101363e-05
918,-0.07960886,3.8101363e-05
919,-0.07960886,3.8106777e-05
920,-0.07770859,3.8106777e-05
921,-0.07770859,3.56813e-05
922,-0.07567234,3.56813e-05
923,-0.07567234,3.5465942e-05
924,-0.073730916,3.5465942e-05
925,-0.073730916,3.7529117e-05
926,-0.07172382,3.7529117e-05
927,-0.07172382,3.4258752e-05
928,-0.06941168,3.4258752e-05
929,-0.06941168,3.4384997e-05
930,-0.0674185,3.4384997e-05
931,-0.0674185,3.160832e-05
932,-0.065466896,3.160832e-05
933,-0.065466896,3.3391218e-05
934,-0.0633897,3.3391218e-05
935,-0.0633897,3.4672237e-05
936,-0.06124127,3.4672237e-05
937,-0.06124127,3.370974e-05
938,-0.059185468,3.370974e-05
939,-0.059185468,3.157735e-05
940,-0.05704321,3.157735e-05
941,-0.05704321,3.0277099e-05
942,-0.054956347,3.0277099e-05
943,-0.054956347,3.1939762e-05
944,-0.052820988,3.1939762e-05
945,-0.052820988,2.768513e-05
946,-0.050637104,2.768513e-05
947,-0.050637104,3.0281835e-05
948,-0.048744775,3.0281835e-05
949,-0.048744775,3.0135254e-05
950,-0.04667072,3.0135254e-05
951,-0.04667072,2.9104722e-05
952,-0.04460413,2.9104722e-05
953,-0.04460413,2.8627164e-05
954,-0.04266137,2.8627164e-05
955,-0.04266137,2.5882104e-05
956,-0.040650442,2.5882104e-05
957,-0.040650442,2.6721344e-05
958,-0.03846317,2.6721344e-05
959,-0.03846317,2.5751098e-05
960,-0.03627494,2.5751098e-05
961,-0.03627494,2.6589894e-05
962,-0.03413473,2.6589894e-05
963,-0.03413473,2.6683096e-05
964,-0.03204155,2.6683096e-05
965,-0.03204155,2.532939e-05
966,-0.029995106,2.532939e-05
967,-0.029995106,2.5883128e-05
968,-0.027775075,2.5883128e-05
969,-0.027775075,2.5519847e-05
970,-0.025623031,2.5519847e-05
971,-0.025623031,2.2851955e-05
972,-0.023545854,2.2851955e-05
973,-0.023545854,2.3037008e-05
974,-0.021572217,2.3037008e-05
975,-0.021572217,2.1179134e-05
976,-0.019530043,2.1179134e-05
977,-0.019530043,2.1410546e-05
978,-0.017514944,2.1410546e-05
979,-0.017514944,2.2652357e-05
980,-0.015259862,2.2652357e-05
981,-0.015259862,2.1022835e-05
982,-0.013042778,2.1022835e-05
983,-0.013042778,1.9285255e-05
984,-0.010967448,1.9285255e-05
985,-0.010967448,1.8791627e-05
986,-0.008735951,1.8791627e-05
987,-0.008735951,1.7669732e-05
988,-0.0067013353,1.7669732e-05
989,-0.0067013353,1.9418938e-05
990,-0.0048285574,1.9418938e-05
991,-0.0048285574,1.9200792e-05
992,-0.002786599,1.9200792e-05
993,-0.002786599,1.8343684e-05
994,-0.0007020198,1.8343684e-05
995,-0.0007020198,1.8303232e-05
996,0.0012572892,1.8303232e-05
997,0.0012572892,2.0982796e-05
998,0.0032059439,2.0982796e-05
999,0.0032059439,1.8531005e-05
1000,0.0053623617,1.8531005e-05
1001,0.0053623617,1.6261409e-05
1002,0.0074770153,1.6261409e-05
1003,0.0074770153,1.5448286e-05
1004,0.009482384,1.5448286e-05
1005,0.009482384,1.9033165e-05
1006,0.011450477,1.9033165e-05
1007,0.011450477,1.683096e-05
1008,0.013804302,1.683096e-05
1009,0.013804302,1.6059716e-05
1010,0.015951604,1.6059716e-05
1011,0.015951604,1.5996702e-05
1012,0.018014982,1.5996702e-05
1013,0.018014982,1.5443919e-05
1014,0.02007065,1.5443919e-05
1015,0.02007065,1.4574521e-05
1016,0.02219928,1.4574521e-05
1017,0.02219928,1.4453359e-05
1018,0.024146266,1.4453359e-05
1019,0.024146266,1.5480207e-05
1020,0.026041321,1.5480207e-05
1021,0.026041321,1.51357335e-05
1022,0.028303772,1.51357335e-05
1023,0.028303772,1.4705936e-05
1024,0.030345567,1.4705936e-05
1025,0.030345567,1.3821993e-05
1026,0.03259024,1.3821993e-05
1027,0.03259024,1.4808088e-05
1028,0.034670353,1.4808088e-05
1029,0.034670353,1.3917553e-05
1030,0.036836892,1.3917553e-05
1031,0.036836892,1.3063681e-05
1032,0.038990803,1.3063681e-05
1033,0.038990803,1.256845e-05
1034,0.041126028,1.256845e-05
1035,0.041126028,1.1894917e-05
1036,0.04313834,1.1894917e-05
1037,0.04313834,1.2804503e-05
1038,0.04510662,1.2804503e-05
1039,0.04510662,1.1988816e-05
1040,0.047323518,1.1988816e-05
1041,0.047323518,1.3036686e-05
1042,0.04935835,1.3036686e-05
1043,0.04935835,1.136281e-05
1044,0.051432356,1.136281e-05
1045,0.051432356,1.1846386e-05
1046,0.053461358,1.1846386e-05
1047,0.053461358,1.1545184e-05
1048,0.055584647,1.1545184e-05
1049,0.055584647,1.2042519e-05
1050,0.057687193,1.2042519e-05
1051,0.057687193,1.0411158e-05
1052,0.05983995,1.0411158e-05
1053,0.05983995,1.0085847e-05
1054,0.061830416,1.0085847e-05
1055,0.061830416,1.0467752e-05
1056,0.06384576,1.0467752e-05
1057,0.06384576,1.0456912e-05
1058,0.06601049,1.0456912e-05
1059,0.06601049,9.642826e-06
1060,0.0681434,9.642826e-06
1061,0.0681434,9.452656e-06
1062,0.07017453,9.452656e-06
1063,0.07017453,9.008706e-06
1064,0.0722605,9.008706e-06
1065,0.0722605,9.698808e-06
1066,0.074317485,9.698808e-06
1067,0.074317485,8.586565e-06
1068,0.07644381,8.586565e-06
1069,0.07644381,8.990571e-06
1070,0.07851159,8.990571e-06
1071,0.07851159,9.294957e-06
1072,0.080754094,9.294957e-06
1073,0.080754094,9.097725e-06
1074,0.08294057,9.097725e-06
1075,0.08294057,8.3917375e-06
1076,0.08503792,8.3917375e-06
1077,0.08503792,8.756438e-06
1078,0.08714832,8.756438e-06
1079,0.08714832,7.862938e-06
1080,0.08936119,7.862938e-06
1081,0.08936119,8.354938e-06
1082,0.091326475,8.354938e-06
1083,0.091326475,7.4400796e-06
1084,0.09349585,7.4400796e-06
1085,0.09349585,7.770042e-06
1086,0.09551449,7.770042e-06
1087,0.09551449,7.796757e-06
1088,0.09763645,7.796757e-06
1089,0.09763645,7.153369e-06
1090,0.09972516,7.153369e-06
1091,0.09972516,7.873198e-06
1092,0.10168633,7.873198e-06
1093,0.10168633,7.4743934e-06
1094,0.10375725,7.4743934e-06
1095,0.10375725,6.4676633e-06
1096,0.10583049,6.4676633e-06
1097,0.10583049,7.046736e-06
1098,0.10791438,7.046736e-06
1099,0.10791438,7.281085e-06
1100,0.10985798,7.281085e-06
1101,0.10985798,6.7203528e-06
1102,0.11200246,6.7203528e-06
1103,0.11200246,6.769794e-06
1104,0.11420728,6.769794e-06
1105,0.11420728,6.2846775e-06
1106,0.116538085,6.2846775e-06
1107,0.116538085,6.3889515e-06
1108,0.11865232,6.3889515e-06
1109,0.11865232,5.7771545e-06
1110,0.12066313,5.7771545e-06
1111,0.12066313,5.952427e-06
1112,0.12272883,5.952427e-06
1113,0.12272883,5.8533847e-06
1114,0.12487112,5.8533847e-06
1115,0.12487112,5.3990543e-06
1116,0.12684904,5.3990543e-06
1117,0.12684904,5.4529683e-06
1118,0.12887976,5.4529683e-06
1119,0.12887976,5.3513577e-06
1120,0.13091888,5.3513577e-06
1121,0.13091888,5.514411e-06
1122,0.13296497,5.514411e-06
1123,0.13296497,4.60078e-06
1124,0.13511473,4.60078e-06
1125,0.13511473,5.3197464e-06
1126,0.13716212,5.3197464e-06
1127,0.13716212,4.983274e-06
1128,0.1392093,4.983274e-06
1129,0.1392093,4.841047e-06
1130,0.14133708,4.841047e-06
1131,0.14133708,4.7458216e-06
1132,0.14340422,4.7458216e-06
1133,0.14340422,4.594569e-06
1134,0.14548422,4.594569e-06
1135,0.14548422,4.0184477e-06
1136,0.14741172,4.0184477e-06
1137,0.14741172,4.5320353e-06
1138,0.14940684,4.5320353e-06
1139,0.14940684,4.344899e-06
1140,0.15132552,4.344899e-06
1141,0.15132552,4.807299e-06
1142,0.1533872,4.807299e-06
1143,0.1533872,4.278439e-06
1144,0.15554412,4.278439e-06
1145,0.15554412,4.030849e-06
1146,0.15754999,4.030849e-06
1147,0.15754999,4.1530448e-06
1148,0.15962383,4.1530448e-06
1149,0.15962383,3.8808166e-06
1150,0.16166148,3.8808166e-06
1151,0.16166148,4.00318e-06
1152,0.1636626,4.00318e-06
1153,0.1636626,4.1365242e-06
1154,0.16563448,4.1365242e-06
1155,0.16563448,4.367274e-06
1156,0.16761254,4.367274e-06
1157,0.16761254,3.8768917e-06
1158,0.16983423,3.8768917e-06
1159,0.16983423,3.9723604e-06
1160,0.17201725,3.9723604e-06
1161,0.17201725,3.7153932e-06
1162,0.17429034,3.7153932e-06
1163,0.17429034,3.2045557e-06
1164,0.17661218,3.2045557e-06
1165,0.17661218,3.3207298e-06
1166,0.17858863,3.3207298e-06
1167,0.17858863,3.240225e-06
1168,0.18040177,3.240225e-06
1169,0.18040177,3.1605714e-06
1170,0.18243426,3.1605714e-06
1171,0.18243426,3.816407e-06
1172,0.18460116,3.816407e-06
1173,0.18460116,3.3119945e-06
1174,0.18683326,3.3119945e-06
1175,0.18683326,3.30166e-06
1176,0.18888503,3.30166e-06
1177,0.18888503,3.4833076e-06
1178,0.19088742,3.4833076e-06
1179,0.19088742,3.004539e-06
1180,0.19307733,3.004539e-06
1181,0.19307733,3.1898683e-06
1182,0.19515912,3.1898683e-06
1183,0.19515912,3.0846904e-06
1184,0.19733718,3.0846904e-06
1185,0.19733718,3.2655107e-06
1186,0.19942616,3.2655107e-06
1187,0.19942616,2.8462318e-06
1188,0.2016227,2.8462318e-06
1189,0.2016227,2.6273694e-06
1190,0.20377187,2.6273694e-06
1191,0.20377187,2.6484486e-06
1192,0.20599195,2.6484486e-06
1193,0.20599195,2.7100527e-06
1194,0.20797887,2.7100527e-06
1195,0.20797887,2.6194298e-06
1196,0.21005636,2.6194298e-06
1197,0.21005636,2.5260745e-06
1198,0.21215805,2.5260745e-06
1199,0.21215805,2.9352386e-06
1200,0.214375,2.9352386e-06
1201,0.214375,2.4289998e-06
1202,0.21658874,2.4289998e-06
1203,0.21658874,2.535491e-06
1204,0.21863502,2.535491e-06
1205,0.21863502,2.6869402e-06
1206,0.22075641,2.6869402e-06
1207,0.22075641,2.1630112e-06
1208,0.22296977,2.1630112e-06
1209,0.22296977,2.1419378e-06
1210,0.22484432,2.1419378e-06
1211,0.22484432,1.9478252e-06
1212,0.22688544,1.9478252e-06
1213,0.22688544,2.2518157e-06
1214,0.22904834,2.2518157e-06
1215,0.22904834,2.020215e-06
1216,0.23107056,2.020215e-06
1217,0.23107056,2.145673e-06
1218,0.23301405,2.145673e-06
1219,0.23301405,2.0604944e-06
1220,0.23525532,2.0604944e-06
1221,0.23525532,2.1140581e-06
1222,0.23771015,2.1140581e-06
1223,0.23771015,2.1733706e-06
1224,0.24001965,2.1733706e-06
1225,0.24001965,2.1200788e-06
1226,0.24214901,2.1200788e-06
1227,0.24214901,2.0496095e-06
1228,0.2443609,2.0496095e-06
1229,0.2443609,1.927144e-06
1230,0.24660097,1.927144e-06
1231,0.24660097,1.9197516e-06
1232,0.24862745,1.9197516e-06
1233,0.24862745,2.0006607e-06
1234,0.2508037,2.0006607e-06
1235,0.2508037,1.7840854e-06
1236,0.25301087,1.7840854e-06
1237,0.25301087,1.6533753e-06
1238,0.2551322,1.6533753e-06
1239,0.2551322,1.5484534e-06
1240,0.25714338,1.5484534e-06
1241,0.25714338,1.8369655e-06
1242,0.2590905,1.8369655e-06
1243,0.2590905,1.6077063e-06
1244,0.26146635,1.6077063e-06
1245,0.26146635,1.7358898e-06
1246,0.26350364,1.7358898e-06
1247,0.26350364,1.404413e-06
1248,0.2658399,1.404413e-06
1249,0.2658399,1.5915587e-06
1250,0.2678367,1.5915587e-06
1251,0.2678367,1.6293558e-06
1252,0.26992148,1.6293558e-06
1253,0.26992148,1.4357146e-06
1254,0.27192694,1.4357146e-06
1255,0.27192694,1.4695989e-06
1256,0.27422065,1.4695989e-06
1257,0.27422065,1.4715413e-06
1258,0.27609944,1.4715413e-06
1259,0.27609944,1.49726e-06
1260,0.27815053,1.49726e-06
1261,0.27815053,1.4539092e-06
1262,0.28030246,1.4539092e-06
1263,0.28030246,1.3743129e-06
1264,0.28229478,1.3743129e-06
1265,0.28229478,1.5271942e-06
1266,0.28459954,1.5271942e-06
1267,0.28459954,1.4597333e-06
1268,0.28667983,1.4597333e-06
1269,0.28667983,1.3710284e-06
1270,0.28897858,1.3710284e-06
1271,0.28897858,1.2890629e-06
1272,0.29134315,1.2890629e-06
1273,0.29134315,1.2945513e-06
1274,0.293746,1.2945513e-06
1275,0.293746,1.2334838e-06
1276,0.29599944,1.2334838e-06
1277,0.29599944,1.2118348e-06
1278,0.2982688,1.2118348e-06
1279,0.2982688,1.1745406e-06
1280,0.3006127,1.1745406e-06
1281,0.3006127,1.0688339e-06
1282,0.3026421,1.0688339e-06
1283,0.3026421,1.1185911e-06
1284,0.30490938,1.1185911e-06
1285,0.30490938,1.2557338e-06
1286,0.30692858,1.2557338e-06
1287,0.30692858,9.79657e-07
1288,0.30905503,9.79657e-07
1289,0.30905503,1.2242022e-06
1290,0.3114318,1.2242022e-06
1291,0.3114318,1.2065567e-06
1292,0.31366158,1.2065567e-06
1293,0.31366158,9.527389e-07
1294,0.31573933,9.527389e-07
1295,0.31573933,9.5329233e-07
1296,0.3180164,9.5329233e-07
1297,0.3180164,1.0849327e-06
1298,0.32025188,1.0849327e-06
1299,0.32025188,9.522956e-07
1300,0.3226339,9.522956e-07
1301,0.3226339,9.3938417e-07
1302,0.3246013,9.3938417e-07
1303,0.3246013,1.0529276e-06
1304,0.32680476,1.0529276e-06
1305,0.32680476,8.613158e-07
1306,0.3290157,8.613158e-07
1307,0.3290157,9.083332e-07
1308,0.33133215,9.083332e-07
1309,0.33133215,7.2784917e-07
1310,0.33375484,7.2784917e-07
1311,0.33375484,9.0217264e-07
1312,0.33592075,9.0217264e-07
1313,0.33592075,8.5680165e-07
1314,0.33825216,8.5680165e-07
1315,0.33825216,8.206671e-07
1316,0.34054458,8.206671e-07
1317,0.34054458,8.74822e-07
1318,0.34275377,8.74822e-07
1319,0.34275377,8.1565236e-07
1320,0.3450443,8.1565236e-07
1321,0.3450443,7.5136404e-07
1322,0.3472758,7.5136404e-07
1323,0.3472758,8.386493e-07
1324,0.34953982,8.386493e-07
1325,0.34953982,8.1411673e-07
1326,0.35179773,8.1411673e-07
1327,0.35179773,7.047206e-07
1328,0.35405266,7.047206e-07
1329,0.35405266,7.160116e-07
1330,0.3563624,7.160116e-07
1331,0.3563624,6.696786e-07
1332,0.35866913,6.696786e-07
1333,0.35866913,7.304596e-07
1334,0.3609293,7.304596e-07
1335,0.3609293,6.6301885e-07
1336,0.3632843,6.6301885e-07
1337,0.3632843,7.302047e-07
1338,0.36548185,7.302047e-07
1339,0.36548185,6.678342e-07
1340,0.36806065,6.678342e-07
1341,0.36806065,8.226174e-07
1342,0.37030095,8.226174e-07
1343,0.37030095,6.4658065e-07
1344,0.3726537,6.4658065e-07
1345,0.3726537,5.8150516e-07
1346,0.37467998,5.8150516e-07
1347,0.37467998,5.8485716e-07
1348,0.37679428,5.8485716e-07
1349,0.37679428,6.237105e-07
1350,0.37948143,6.237105e-07
1351,0.37948143,5.5852075e-07
1352,0.3819849,5.5852075e-07
1353,0.3819849,5.481141e-07
1354,0.3840511,5.481141e-07
1355,0.3840511,6.059732e-07
1356,0.3862214,6.059732e-07
1357,0.3862214,5.119149e-07
1358,0.38838995,5.119149e-07
1359,0.38838995,6.334926e-07
1360,0.39076775,6.334926e-07
1361,0.39076775,5.43052e-07
1362,0.39303634,5.43052e-07
1363,0.39303634,5.3092066e-07
1364,0.3953151,5.3092066e-07
1365,0.3953151,5.2515077e-07
1366,0.39765012,5.2515077e-07
1367,0.39765012,4.6767474e-07
1368,0.40014958,4.6767474e-07
1369,0.40014958,4.7126045e-07
1370,0.4025783,4.7126045e-07
1371,0.4025783,4.8775854e-07
1372,0.40467086,4.8775854e-07
1373,0.40467086,4.3503658e-07
1374,0.4069469,4.3503658e-07
1375,0.4069469,4.953938e-07
1376,0.4093778,4.953938e-07
1377,0.4093778,4.8547577e-07
1378,0.41194332,4.8547577e-07
1379,0.41194332,4.188065e-07
1380,0.41431093,4.188065e-07
1381,0.41431093,4.0444354e-07
1382,0.41656876,4.0444354e-07
1383,0.41656876,4.2445996e-07
1384,0.4188136,4.2445996e-07
1385,0.4188136,3.7319896e-07
1386,0.42118937,3.7319896e-07
1387,0.42118937,4.5031757e-07
1388,0.42348668,4.5031757e-07
1389,0.42348668,4.5076317e-07
1390,0.42573625,4.5076317e-07
1391,0.42573625,4.0275268e-07
1392,0.42827398,4.0275268e-07
1393,0.42827398,3.9631274e-07
1394,0.43070436,3.9631274e-07
1395,0.43070436,3.7064095e-07
1396,0.43319055,3.7064095e-07
1397,0.43319055,3.7514803e-07
1398,0.43567535,3.7514803e-07
1399,0.43567535,3.7361775e-07
1400,0.4382611,3.7361775e-07
1401,0.4382611,3.4672829e-07
1402,0.44060928,3.4672829e-07
1403,0.44060928,3.609305e-07
1404,0.4429426,3.609305e-07
1405,0.4429426,3.6779238e-07
1406,0.4455648,3.6779238e-07
1407,0.4455648,3.729442e-07
1408,0.44786867,3.729442e-07
1409,0.44786867,3.0140367e-07
1410,0.4501645,3.0140367e-07
1411,0.4501645,3.1771972e-07
1412,0.45261845,3.1771972e-07
1413,0.45261845,3.278684e-07
1414,0.45483464,3.278684e-07
1415,0.45483464,2.8358008e-07
1416,0.45729524,2.8358008e-07
1417,0.45729524,3.2649174e-07
1418,0.4599849,3.2649174e-07
1419,0.4599849,3.0198083e-07
1420,0.4623624,3.0198083e-07
1421,0.4623624,2.603595e-07
1422,0.4647811,2.603595e-07
1423,0.4647811,2.7856734e-07
1424,0.46705663,2.7856734e-07
1425,0.46705663,2.4585592e-07
1426,0.46964532,2.4585592e-07
1427,0.46964532,2.2451157e-07
1428,0.47210997,2.2451157e-07
1429,0.47210997,2.9959023e-07
1430,0.47458005,2.9959023e-07
1431,0.47458005,2.7281382e-07
1432,0.4770341,2.7281382e-07
1433,0.4770341,2.6962618e-07
1434,0.47956955,2.6962618e-07
1435,0.47956955,2.51752e-07
1436,0.48233464,2.51752e-07
1437,0.48233464,2.40059e-07
1438,0.48492908,2.40059e-07
1439,0.48492908,2.506409e-07
1440,0.4876275,2.506409e-07
1441,0.4876275,2.473842e-07
1442,0.49014834,2.473842e-07
1443,0.49014834,2.334876e-07
1444,0.49252692,2.334876e-07
1445,0.49252692,2.1799437e-07
1446,0.49505234,2.1799437e-07
1447,0.49505234,2.17246e-07
1448,0.49764174,2.17246e-07
1449,0.49764174,1.9739561e-07
1450,0.5001137,1.9739561e-07
1451,0.5001137,2.32415e-07
1452,0.50248873,2.32415e-07
1453,0.50248873,2.1751526e-07
1454,0.5049984,2.1751526e-07
1455,0.5049984,1.9374384e-07
1456,0.5075091,1.9374384e-07
1457,0.5075091,2.3340613e-07
1458,0.51029193,2.3340613e-07
1459,0.51029193,2.2966e-07
1460,0.5126642,2.2966e-07
1461,0.5126642,1.9929206e-07
1462,0.51521486,1.9929206e-07
1463,0.51521486,2.0778367e-07
1464,0.51764655,2.0778367e-07
1465,0.51764655,1.8416111e-07
1466,0.5201272,1.8416111e-07
1467,0.5201272,2.0082562e-07
1468,0.522801,2.0082562e-07
1469,0.522801,1.9574891e-07
1470,0.5253183,1.9574891e-07
1471,0.5253183,1.609921e-07
1472,0.52778506,1.609921e-07
1473,0.52778506,1.7999783e-07
1474,0.5302857,1.7999783e-07
1475,0.5302857,1.7337315e-07
1476,0.5329306,1.7337315e-07
1477,0.5329306,1.5027237e-07
1478,0.5354537,1.5027237e-07
1479,0.5354537,1.4956466e-07
1480,0.538098,1.4956466e-07
1481,0.538098,1.5586592e-07
1482,0.54070854,1.5586592e-07
1483,0.54070854,1.3633584e-07
1484,0.5431551,1.3633584e-07
1485,0.5431551,1.7386873e-07
1486,0.5457491,1.7386873e-07
1487,0.5457491,1.6616211e-07
1488,0.5482652,1.6616211e-07
1489,0.5482652,1.5727127e-07
1490,0.55073154,1.5727127e-07
1491,0.55073154,1.401537e-07
1492,0.5533353,1.401537e-07
1493,0.5533353,1.4059066e-07
1494,0.5559275,1.4059066e-07
1495,0.5559275,1.2448872e-07
1496,0.5585635,1.2448872e-07
1497,0.5585635,1.582812e-07
1498,0.5612117,1.582812e-07
1499,0.5612117,1.5051246e-07
1500,0.56382847,1.5051246e-07
1501,0.56382847,1.4286006e-07
1502,0.5665387,1.4286006e-07
1503,0.5665387,1.1662424e-07
1504,0.56916714,1.1662424e-07
1505,0.56916714,1.3082638e-07
1506,0.5715858,1.3082638e-07
1507,0.5715858,1.2119914e-07
1508,0.5741199,1.2119914e-07
1509,0.5741199,1.3847543e-07
1510,0.5767877,1.3847543e-07
1511,0.5767877,1.2167861e-07
1512,0.5794656,1.2167861e-07
1513,0.5794656,1.2717936e-07
1514,0.5821634,1.2717936e-07
1515,0.5821634,1.2430436e-07
1516,0.5847563,1.2430436e-07
1517,0.5847563,1.0895732e-07
1518,0.58741623,1.0895732e-07
1519,0.58741623,9.807848e-08
1520,0.5901424,9.807848e-08
1521,0.5901424,1.2110128e-07
1522,0.5929378,1.2110128e-07
1523,0.5929378,1.1240721e-07
1524,0.5956428,1.1240721e-07
1525,0.5956428,1.15485804e-07
1526,0.59815025,1.15485804e-07
1527,0.59815025,1.087412e-07
1528,0.6006918,1.087412e-07
1529,0.6006918,1.0007625e-07
1530,0.60367024,1.0007625e-07
1531,0.60367024,1.0375841e-07
1532,0.6062982,1.0375841e-07
1533,0.6062982,9.3047476e-08
1534,0.6090102,9.3047476e-08
1535,0.6090102,1.0241725e-07
1536,0.61161864,1.0241725e-07
1537,0.61161864,8.828027e-08
1538,0.6144689,8.828027e-08
1539,0.6144689,8.360934e-08
1540,0.61728895,8.360934e-08
1541,0.61728895,9.057853e-08
1542,0.62015337,9.057853e-08
1543,0.62015337,1.0237507e-07
1544,0.6226141,1.0237507e-07
1545,0.6226141,9.495074e-08
1546,0.6254138,9.495074e-08
1547,0.6254138,8.7309544e-08
1548,0.62803996,8.7309544e-08
1549,0.62803996,7.352285e-08
1550,0.630772,7.352285e-08
1551,0.630772,8.1894036e-08
1552,0.63364005,8.1894036e-08
1553,0.63364005,8.2780396e-08
1554,0.63638353,8.2780396e-08
1555,0.63638353,7.2336945e-08
1556,0.6390673,7.2336945e-08
1557,0.6390673,8.728398e-08
1558,0.64207053,8.728398e-08
1559,0.64207053,6.9699176e-08
1560,0.64458466,6.9699176e-08
1561,0.64458466,6.681148e-08
1562,0.647511,6.681148e-08
1563,0.647511,6.8719835e-08
1564,0.6502465,6.8719835e-08
1565,0.6502465,6.328824e-08
1566,0.6531653,6.328824e-08
1567,0.6531653,6.466266e-08
1568,0.65604734,6.466266e-08
1569,0.65604734,5.7458767e-08
1570,0.659094,5.7458767e-08
1571,0.659094,7.100321e-08
1572,0.6620337,7.100321e-08
1573,0.6620337,6.957193e-08
1574,0.66480196,6.957193e-08
1575,0.66480196,6.431702e-08
1576,0.6675097,6.431702e-08
1577,0.6675097,6.1197035e-08
1578,0.6703695,6.1197035e-08
1579,0.6703695,5.22456e-08
1580,0.67324865,5.22456e-08
1581,0.67324865,7.12599e-08
1582,0.67626196,7.12599e-08
1583,0.67626196,6.662264e-08
1584,0.6793175,6.662264e-08
1585,0.6793175,5.0640296e-08
1586,0.6821661,5.0640296e-08
1587,0.6821661,4.2817536e-08
1588,0.6850456,4.2817536e-08
1589,0.6850456,4.799564e-08
1590,0.68800664,4.799564e-08
1591,0.68800664,5.2482758e-08
1592,0.6909252,5.2482758e-08
1593,0.6909252,4.9413373e-08
1594,0.69382715,4.9413373e-08
1595,0.69382715,4.6929987e-08
1596,0.6966293,4.6929987e-08
1597,0.6966293,4.7809934e-08
1598,0.6995125,4.7809934e-08
1599,0.6995125,5.5185197e-08
1600,0.7021071,5.5185197e-08
1601,0.7021071,5.7634164e-08
1602,0.7050015,5.7634164e-08
1603,0.7050015,4.6711058e-08
1604,0.7077411,4.6711058e-08
1605,0.7077411,4.9823534e-08
1606,0.7104988,4.9823534e-08
1607,0.7104988,4.7664845e-08
1608,0.7135738,4.7664845e-08
1609,0.7135738,4.3571394e-08
1610,0.716735,4.3571394e-08
1611,0.716735,3.9479946e-08
1612,0.7196738,3.9479946e-08
1613,0.7196738,4.1238447e-08
1614,0.72312677,4.1238447e-08
1615,0.72312677,4.645393e-08
1616,0.7261255,4.645393e-08
1617,0.7261255,3.966676e-08
1618,0.7290354,3.966676e-08
1619,0.7290354,3.343906e-08
1620,0.7320851,3.343906e-08
1621,0.7320851,4.172535e-08
1622,0.73524,4.172535e-08
1623,0.73524,3.624487e-08
1624,0.7382695,3.624487e-08
1625,0.7382695,3.754112e-08
1626,0.74158293,3.754112e-08
1627,0.74158293,3.192315e-08
1628,0.7448925,3.192315e-08
1629,0.7448925,3.483173e-08
1630,0.7479402,3.483173e-08
1631,0.7479402,3.88556e-08
1632,0.7510277,3.88556e-08
1633,0.7510277,3.190933e-08
1634,0.75440526,3.190933e-08
1635,0.75440526,2.9636334e-08
1636,0.75747573,2.9636334e-08
1637,0.75747573,2.7699915e-08
1638,0.76054823,2.7699915e-08
1639,0.76054823,3.3721005e-08
1640,0.7636831,3.3721005e-08
1641,0.7636831,3.373757e-08
1642,0.7670636,3.373757e-08
1643,0.7670636,3.0979006e-08
1644,0.7706078,3.0979006e-08
1645,0.7706078,2.6492947e-08
1646,0.7738993,2.6492947e-08
1647,0.7738993,2.681186e-08
1648,0.777177,2.681186e-08
1649,0.777177,2.7674384e-08
1650,0.78059363,2.7674384e-08
1651,0.78059363,3.0122365e-08
1652,0.7838663,3.0122365e-08
1653,0.7838663,2.5722404e-08
1654,0.786888,2.5722404e-08
1655,0.786888,2.8734792e-08
1656,0.79029095,2.8734792e-08
1657,0.79029095,3.3695706e-08
1658,0.7936938,3.3695706e-08
1659,0.7936938,3.0361917e-08
1660,0.796862,3.0361917e-08
1661,0.796862,2.483002e-08
1662,0.799991,2.483002e-08
1663,0.799991,2.1099531e-08
1664,0.8034574,2.1099531e-08
1665,0.8034574,2.2139275e-08
1666,0.8066342,2.2139275e-08
1667,0.8066342,2.4024118e-08
1668,0.8100423,2.4024118e-08
1669,0.8100423,1.939249e-08
1670,0.8133484,1.939249e-08
1671,0.8133484,2.0878588e-08
1672,0.8169627,2.0878588e-08
1673,0.8169627,2.2997197e-08
1674,0.8205679,2.2997197e-08
1675,0.8205679,1.7321474e-08
1676,0.8240793,1.7321474e-08
1677,0.8240793,2.0262794e-08
1678,0.8277371,2.0262794e-08
1679,0.8277371,2.2604953e-08
1680,0.831115,2.2604953e-08
1681,0.831115,1.9751395e-08
1682,0.8348026,1.9751395e-08
1683,0.8348026,1.6943508e-08
1684,0.8385273,1.6943508e-08
1685,0.8385273,1.6931523e-08
1686,0.8419702,1.6931523e-08
1687,0.8419702,1.6754049e-08
1688,0.8453722,1.6754049e-08
1689,0.8453722,1.7828148e-08
1690,0.84889674,1.7828148e-08
1691,0.84889674,1.8438385e-08
1692,0.8525628,1.8438385e-08
1693,0.8525628,1.6129029e-08
1694,0.8563187,1.6129029e-08
1695,0.8563187,1.8054253e-08
1696,0.8599965,1.8054253e-08
1697,0.8599965,1.5527137e-08
1698,0.8637537,1.5527137e-08
1699,0.8637537,1.5766961e-08
1700,0.8675629,1.5766961e-08
1701,0.8675629,1.5740564e-08
1702,0.8715898,1.5740564e-08
1703,0.8715898,1.5334345e-08
1704,0.87520635,1.5334345e-08
1705,0.87520635,1.5393011e-08
1706,0.8785788,1.5393011e-08
1707,0.8785788,1.242966e-08
1708,0.8820239,1.242966e-08
1709,0.8820239,1.35705855e-08
1710,0.8859053,1.35705855e-08
1711,0.8859053,1.376225e-08
1712,0.88994837,1.376225e-08
1713,0.88994837,1.1815261e-08
1714,0.8936063,1.1815261e-08
1715,0.8936063,1.4767401e-08
1716,0.8974396,1.4767401e-08
1717,0.8974396,1.1949806e-08
1718,0.9012252,1.1949806e-08
1719,0.9012252,1.1620995e-08
1720,0.90496856,1.1620995e-08
1721,0.90496856,1.1607448e-08
1722,0.90897167,1.1607448e-08
1723,0.90897167,1.3544868e-08
1724,0.91304845,1.3544868e-08
1725,0.91304845,1.1488509e-08
1726,0.9168235,1.1488509e-08
1727,0.9168235,1.0963332e-08
1728,0.920624,1.0963332e-08
1729,0.920624,1.2638203e-08
1730,0.9244195,1.2638203e-08
1731,0.9244195,1.01707345e-08
1732,0.92799616,1.01707345e-08
1733,0.92799616,9.613602e-09
1734,0.9321927,9.613602e-09
1735,0.9321927,9.458413e-09
1736,0.9359908,9.458413e-09
1737,0.9359908,9.024023e-09
1738,0.9403465,9.024023e-09
1739,0.9403465,8.934274e-09
1740,0.9443662,8.934274e-09
1741,0.9443662,9.473e-09
1742,0.94863963,9.473e-09
1743,0.94863963,8.92511e-09
1744,0.9527551,8.92511e-09
1745,0.9527551,8.780231e-09
1746,0.95700854,8.780231e-09
1747,0.95700854,9.1149355e-09
1748,0.9613187,9.1149355e-09
1749,0.9613187,9.074163e-09
1750,0.9656618,9.074163e-09
1751,0.9656618,7.802212e-09
1752,0.9694462,7.802212e-09
1753,0.9694462,8.863318e-09
1754,0.9736723,8.863318e-09
1755,0.9736723,8.299608e-09
1756,0.9776237,8.299608e-09
1757,0.9776237,8.432036e-09
1758,0.9815066,8.432036e-09
1759,0.9815066,7.121978e-09
1760,0.9856667,7.121978e-09
1761,0.9856667,6.934952e-09
1762,0.9898901,6.934952e-09
1763,0.9898901,8.584062e-09
1764,0.9943899,8.584062e-09
1765,0.9943899,6.6771952e-09
1766,0.99848914,6.6771952e-09
1767,0.99848914,6.915898e-09
1768,1.0027854,6.915898e-09
1769,1.0027854,5.912249e-09
1770,1.0074486,5.912249e-09
1771,1.0074486,6.405243e-09
1772,1.0117147,6.405243e-09
1773,1.0117147,6.221759e-09
1774,1.0160646,6.221759e-09
1775,1.0160646,4.976809e-09
1776,1.0201812,4.976809e-09
1777,1.0201812,6.882356e-09
1778,1.0249941,6.882356e-09
1779,1.0249941,4.7336215e-09
1780,1.0292023,4.7336215e-09
1781,1.0292023,6.4245627e-09
1782,1.033917,6.4245627e-09
1783,1.033917,6.338679e-09
1784,1.0386515,6.338679e-09
1785,1.0386515,5.8616765e-09
1786,1.0427352,5.8616765e-09
1787,1.0427352,5.160893e-09
1788,1.0471731,5.160893e-09
1789,1.0471731,5.3869855e-09
1790,1.0515033,5.3869855e-09
1791,1.0515033,6.1787895e-09
1792,1.0560017,6.1787895e-09
1793,1.0560017,4.2098325e-09
1794,1.0601878,4.2098325e-09
1795,1.0601878,5.250806e-09
1796,1.0651691,5.250806e-09
1797,1.0651691,4.2725814e-09
1798,1.0699002,4.2725814e-09
1799,1.0699002,3.4534786e-09
1800,1.0747545,3.4534786e-09
1801,1.0747545,4.5326205e-09
1802,1.0798819,4.5326205e-09
1803,1.0798819,4.4136805e-09
1804,1.084416,4.4136805e-09
1805,1.084416,3.4966936e-09
1806,1.0893362,3.4966936e-09
1807,1.0893362,3.7128125e-09
1808,1.0944321,3.7128125e-09
1809,1.0944321,3.8725916e-09
1810,1.0994575,3.8725916e-09
1811,1.0994575,3.2738936e-09
1812,1.104425,3.2738936e-09
1813,1.104425,4.0946317e-09
1814,1.1099203,4.0946317e-09
1815,1.1099203,3.2707979e-09
1816,1.1151905,3.2707979e-09
1817,1.1151905,4.0777697e-09
1818,1.1205909,4.0777697e-09
1819,1.1205909,2.9110867e-09
1820,1.1256288,2.9110867e-09
1821,1.1256288,3.587582e-09
1822,1.1311952,3.587582e-09
1823,1.1311952,2.8610962e-09
1824,1.1363819,2.8610962e-09
1825,1.1363819,2.8172173e-09
1826,1.1420803,2.8172173e-09
1827,1.1420803,2.563428e-09
1828,1.1470215,2.563428e-09
1829,1.1470215,2.5651814e-09
1830,1.1527567,2.5651814e-09
1831,1.1527567,2.8986205e-09
1832,1.1586711,2.8986205e-09
1833,1.1586711,2.5496114e-09
1834,1.1641088,2.5496114e-09
1835,1.1641088,2.184895e-09
1836,1.1696653,2.184895e-09
1837,1.1696653,2.3600433e-09
1838,1.1757996,2.3600433e-09
1839,1.1757996,2.1121707e-09
1840,1.1817436,2.1121707e-09
1841,1.1817436,1.998333e-09
1842,1.1873109,1.998333e-09
1843,1.1873109,2.4949642e-09
1844,1.1935419,2.4949642e-09
1845,1.1935419,2.2382232e-09
1846,1.1993878,2.2382232e-09
1847,1.1993878,2.0903284e-09
1848,1.2055187,2.0903284e-09
1849,1.2055187,2.5486924e-09
1850,1.2115338,2.5486924e-09
1851,1.2115338,1.706177e-09
1852,1.2172897,1.706177e-09
1853,1.2172897,2.0237638e-09
1854,1.2238963,2.0237638e-09
1855,1.2238963,1.989197e-09
1856,1.2295845,1.989197e-09
1857,1.2295845,1.7599441e-09
1858,1.2351644,1.7599441e-09
1859,1.2351644,1.901415e-09
1860,1.2415786,1.901415e-09
1861,1.2415786,1.4725232e-09
1862,1.2472616,1.4725232e-09
1863,1.2472616,1.5687385e-09
1864,1.2540371,1.5687385e-09
1865,1.2540371,1.419335e-09
1866,1.2600279,1.419335e-09
1867,1.2600279,1.7412409e-09
1868,1.2666485,1.7412409e-09
1869,1.2666485,1.442323e-09
1870,1.2731771,1.442323e-09
1871,1.2731771,1.2154082e-09
1872,1.2804179,1.2154082e-09
1873,1.2804179,1.3818624e-09
1874,1.2874825,1.3818624e-09
1875,1.2874825,1.0768074e-09
1876,1.2944016,1.0768074e-09
1877,1.2944016,1.4914177e-09
1878,1.3016866,1.4914177e-09
1879,1.3016866,1.0278163e-09
1880,1.3084192,1.0278163e-09
1881,1.3084192,1.1354052e-09
1882,1.3159549,1.1354052e-09
1883,1.3159549,1.3206689e-09
1884,1.3237228,1.3206689e-09
1885,1.3237228,1.0015788e-09
1886,1.330832,1.0015788e-09
1887,1.330832,1.1381404e-09
1888,1.3382237,1.1381404e-09
1889,1.3382237,9.535409e-10
1890,1.3454348,9.535409e-10
1891,1.3454348,9.246276e-10
1892,1.3533027,9.246276e-10
1893,1.3533027,8.467093e-10
1894,1.3613734,8.467093e-10
1895,1.3613734,6.802715e-10
1896,1.3695859,6.802715e-10
1897,1.3695859,7.869493e-10
1898,1.378339,7.869493e-10
1899,1.378339,7.692462e-10
1900,1.3862976,7.692462e-10
1901,1.3862976,7.3068557e-10
1902,1.3952236,7.3068557e-10
1903,1.3952236,5.8404526e-10
1904,1.403599,5.8404526e-10
1905,1.403599,4.603825e-10
1906,1.4127429,4.603825e-10
1907,1.4127429,5.861802e-10
1908,1.4223766,5.861802e-10
1909,1.4223766,7.0680134e-10
1910,1.4323815,7.0680134e-10
1911,1.4323815,5.74001e-10
1912,1.4411035,5.74001e-10
1913,1.4411035,6.7905553e-10
1914,1.450736,6.7905553e-10
1915,1.450736,4.6717247e-10
1916,1.4605377,4.6717247e-10
1917,1.4605377,4.443123e-10
1918,1.4708464,4.443123e-10
1919,1.4708464,3.8208278e-10
1920,1.4809918,3.8208278e-10
1921,1.4809918,4.800388e-10
1922,1.4915493,4.800388e-10
1923,1.4915493,4.7675935e-10
1924,1.5015564,4.7675935e-10
1925,1.5015564,3.2175948e-10
1926,1.5120721,3.2175948e-10
1927,1.5120721,3.5646314e-10
1928,1.5232812,3.5646314e-10
1929,1.5232812,3.145914e-10
1930,1.5345244,3.145914e-10
1931,1.5345244,3.3645e-10
1932,1.5460114,3.3645e-10
1933,1.5460114,2.9697214e-10
1934,1.5575284,2.9697214e-10
1935,1.5575284,3.3849304e-10
1936,1.5699071,3.3849304e-10
1937,1.5699071,2.781374e-10
1938,1.581825,2.781374e-10
1939,1.581825,1.8041774e-10
1940,1.5947456,1.8041774e-10
1941,1.5947456,1.8550896e-10
1942,1.6089581,1.8550896e-10
1943,1.6089581,2.1579753e-10
1944,1.6234784,2.1579753e-10
1945,1.6234784,2.501386e-10
1946,1.6377251,2.501386e-10
1947,1.6377251,2.2579828e-10
1948,1.6516438,2.2579828e-10
1949,1.6516438,1.804845e-10
1950,1.6664407,1.804845e-10
1951,1.6664407,1.457385e-10
1952,1.683645,1.457385e-10
1953,1.683645,1.56408e-10
1954,1.6996919,1.56408e-10
1955,1.6996919,1.3828676e-10
1956,1.7159139,1.3828676e-10
1957,1.7159139,1.8974451e-10
1958,1.7318654,1.8974451e-10
1959,1.7318654,1.04036876e-10
1960,1.7477964,1.04036876e-10
1961,1.7477964,1.2174795e-10
1962,1.7655754,1.2174795e-10
1963,1.7655754,1.06628845e-10
1964,1.7849612,1.06628845e-10
1965,1.7849612,8.867333e-11
1966,1.8061373,8.867333e-11
1967,1.8061373,6.3497325e-11
1968,1.8282001,6.3497325e-11
1969,1.8282001,7.205489e-11
1970,1.8534752,7.205489e-11
1971,1.8534752,6.575769e-11
1972,1.8797743,6.575769e-11
1973,1.8797743,6.543701e-11
1974,1.9060928,6.543701e-11
1975,1.9060928,4.4479538e-11
1976,1.9323936,4.4479538e-11
1977,1.9323936,4.1864113e-11
1978,1.9633361,4.1864113e-11
1979,1.9633361,5.9207354e-11
1980,1.9960415,5.9207354e-11
1981,1.9960415,4.5394206e-11
1982,2.029725,4.5394206e-11
1983,2.029725,2.985446e-11
1984,2.0684323,2.985446e-11
1985,2.0684323,2.8945374e-11
1986,2.1105537,2.8945374e-11
1987,2.1105537,2.5455586e-11
1988,2.1623385,2.5455586e-11
1989,2.1623385,2.0930929e-11
1990,2.217955,2.0930929e-11
1991,2.217955,1.2833363e-11
1992,2.2827938,1.2833363e-11
1993,2.2827938,1.2712139e-11
1994,2.3689833,1.2712139e-11
1995,2.3689833,8.9683296e-12
1996,2.470874,8.9683296e-12
1997,2.470874,2.4209122e-12
1998,2.6472082,2.4209122e-12
1999,2.6472082,0.0
